split,image,most_similar_train_image,similarity
valid,gss548_jpg.rf.b8e1c3b0ece41c9de7bbb8399ec05208.jpg,gss547_jpg.rf.488bdc640af5103ea62ceed2cad48c7a.jpg,0.9999
valid,gss291_jpg.rf.d74a1c329e940837eff672d38a509453.jpg,gss290_jpg.rf.9f50783fda1931cb7fe27ac1ecc13b43.jpg,0.9998
valid,gss552_jpg.rf.98ed8bc1075a903e12945f68231bec77.jpg,gss551_jpg.rf.46f013266b1ac68e31128451c93558b3.jpg,0.9997
valid,gss2_jpg.rf.9b26f00ff4be5beed06b9897e1357c8b.jpg,gss3_jpg.rf.9e67f28984dcb4ec8094e22cdb4cbd4a.jpg,0.9997
valid,gss949_jpg.rf.5b37bf74ccd545a43e05def6218f3913.jpg,gss950_jpg.rf.d9d222a923c3912f81911f13eaba04ad.jpg,0.9996
valid,gss1703_jpg.rf.672a987bf539bbde88291fce23f03e0e.jpg,gss1702_jpg.rf.e214f580d8b30da26765c2bbfc3436d5.jpg,0.9996
valid,gss1970_jpg.rf.4b7c6eddaaf958b839b6be081725082f.jpg,gss1971_jpg.rf.073198d5738f54e002f89ca9685e451e.jpg,0.9996
valid,gss1329_jpg.rf.9d81ebfef7f77d9cd41963569843236e.jpg,gss1330_jpg.rf.5c3e139b96d0ee465e909ca54dd0a61e.jpg,0.9995
valid,gss572_jpg.rf.6c729175bd23720c26042b9f994afc2e.jpg,gss571_jpg.rf.ef0f17d23b420800c940c8487b2be37d.jpg,0.9993
valid,gss2026_jpg.rf.100f52dada5103a26d9f5db98029d021.jpg,gss2025_jpg.rf.d5c037fcd76cd34f247e3a35ee3d5c74.jpg,0.9992
valid,gss48_jpg.rf.a18e27892e68f52cd334bfdf440da3e6.jpg,gss47_jpg.rf.9ba9f9e5b24b726065088571877bf9d2.jpg,0.9990
valid,gss2062_jpg.rf.a5649e3f72ceac7530af4271476b4e30.jpg,gss2061_jpg.rf.144e9aba4d76ea4d471483599870dae2.jpg,0.9990
valid,gss561_jpg.rf.12a4f25b54c05a238287a24ae178efc1.jpg,gss560_jpg.rf.181e2de9c7377980f89f24ad26ab0a00.jpg,0.9989
valid,gss1223_jpg.rf.a2d97fc5a9ad3505af47d0e8c71e7d51.jpg,gss1224_jpg.rf.b2dfc7dfea24cb91f7ea6f2c833e27ca.jpg,0.9989
valid,gss1231_jpg.rf.8113a35cac31dfdd7e80f8f6a9e49845.jpg,gss1230_jpg.rf.a450e7624373e7ffb709157ff45dd59b.jpg,0.9988
valid,gss563_jpg.rf.8b0c7dd7b92856c34a86844b85269f5c.jpg,gss564_jpg.rf.e14c3aba113d2b5eba4b7ba3fa60afec.jpg,0.9987
valid,gss602_jpg.rf.b399adf7f83d87e9f927d208e08faead.jpg,gss603_jpg.rf.ce7506eabaac7618467a636b9bb96f9d.jpg,0.9986
valid,gss2011_jpg.rf.4e86396b258cd216f7844133d28dac8c.jpg,gss2010_jpg.rf.9473610d79f01179fd4866b164bfaa26.jpg,0.9986
valid,gss1_jpg.rf.b2b399d62cc5bf0ee50c8ee6c1b8684c.jpg,gss3_jpg.rf.9e67f28984dcb4ec8094e22cdb4cbd4a.jpg,0.9986
valid,gss367_jpg.rf.031ea0c610a32d132aed40b4f1c37250.jpg,gss366_jpg.rf.e51719339996505e0948b4bdda9bee76.jpg,0.9985
valid,gss1217_jpg.rf.d8c83bdaa099477dc9a79928a7a0e0a4.jpg,gss1216_jpg.rf.e8efe8c11e1da1be664ccc74e545009e.jpg,0.9985
valid,gss1207_jpg.rf.ca3a24e0bd14c2a995e0f94cf1bf0eed.jpg,gss1206_jpg.rf.9b02fd5eb5552ec08e9a9d39a13e1678.jpg,0.9984
valid,gss2001_jpg.rf.0cb8e1ad76a62bc2f9fcdba40970aaa6.jpg,gss2002_jpg.rf.472e50d179eab03bd2de5b7078d9a6d1.jpg,0.9984
valid,gss1187_jpg.rf.4a0263a9a101e7ec4553240267612e66.jpg,gss1186_jpg.rf.af4d74f313c075adca88b466877fbb4f.jpg,0.9983
valid,gss1214_jpg.rf.df45aa5b04896e33a26590be3c11654f.jpg,gss1213_jpg.rf.8e7ce0372e708d2f3a15f433164b3eca.jpg,0.9982
test,gss1123_jpg.rf.8d669467b9d87e443355df97137b125a.jpg,gss1122_jpg.rf.9bc9f122873dc2837eb85a39fe2dda9d.jpg,0.9999
test,gss1966_jpg.rf.4e6b64bce7a1f658df47d6e162092aaa.jpg,gss1967_jpg.rf.68136765c8a0193a3b5f69aa7579723d.jpg,0.9999
test,gss1969_jpg.rf.36e30a72fbac4770cc8758f92ba1fe27.jpg,gss1968_jpg.rf.07b19040fd76aacb960f3ca388744674.jpg,0.9998
test,gss951_jpg.rf.b944063806db92ac8d782256f4086e38.jpg,gss952_jpg.rf.66a72b92514f7e52a8e1e1983972d11c.jpg,0.9997
test,gss2042_jpg.rf.14b01cd67002e3757e002e88c0155ad0.jpg,gss2043_jpg.rf.c8fcbac9dc2e49b82f279374ade09f91.jpg,0.9996
test,gss967_jpg.rf.49522cd6b38d9283729fb5a6f2bb3f05.jpg,gss966_jpg.rf.4fd5755d0754e75d61fcdcc85b1538c8.jpg,0.9993
test,gss2102_jpg.rf.95a910990ad827c84375c0cad8a5331e.jpg,gss2103_jpg.rf.664bf4e076c0c366e8a7f1233ef73554.jpg,0.9987
test,gss1226_jpg.rf.f5455e7e0a59ad8b2a62a9b760f01e66.jpg,gss1225_jpg.rf.495b237debb3f4d35d03e2890597ab20.jpg,0.9987
test,gss374_jpg.rf.00d6aa4f71cf4609aa5d2161a04dc5c4.jpg,gss373_jpg.rf.4da9965b67306e9d4eeb47435d62424f.jpg,0.9985
test,gss1961_jpg.rf.c021ff027121e43d1b230619f6bb83d7.jpg,gss1960_jpg.rf.2c132950dd7a0ab63e9acaecee22806a.jpg,0.9984
test,gss1228_jpg.rf.229175f62f3eb3e014fb9944b5b9d529.jpg,gss1227_jpg.rf.b20a219ff4027862aca11d57c192a3b4.jpg,0.9982
test,gss937_jpg.rf.04cd51483a023d04d4d7deba298e8c63.jpg,gss938_jpg.rf.22aab256dadd297c9b44e367dac6eced.jpg,0.9980
test,gss1215_jpg.rf.971ad07f4778af25741f6f700fb30fc6.jpg,gss1216_jpg.rf.e8efe8c11e1da1be664ccc74e545009e.jpg,0.9980
test,gss1222_jpg.rf.0052a3c04f080aa51618acb6b3846d87.jpg,gss1221_jpg.rf.8383eeb3b386fafb767dc5b817f9eab7.jpg,0.9979
test,gss1203_jpg.rf.601aad17a7bd8ca25349ab9ab1ccc68f.jpg,gss1204_jpg.rf.f8f5a8873b58eb9f480b0cb5e5a2c37b.jpg,0.9978
test,gss2090_jpg.rf.5f7b083c20e5786e2029edbfbabfdc68.jpg,gss2091_jpg.rf.bedce6fc3466c270d38f231f937abcc7.jpg,0.9978
test,gss1937_jpg.rf.86dec90f6b2a199883ef32be8c14d6eb.jpg,gss1936_jpg.rf.edef2381a81c54633867265ebf366fe3.jpg,0.9977
test,gss557_jpg.rf.d6df04ce2a031e4e3bb158ff781da717.jpg,gss558_jpg.rf.b54dc79fb0324468e1dc04fbc8bfcf60.jpg,0.9977
test,gss2060_jpg.rf.e4a6ef21583c4e5d2fdd40f40390e502.jpg,gss2061_jpg.rf.144e9aba4d76ea4d471483599870dae2.jpg,0.9974
test,gss2101_jpg.rf.0dc88e124933bf8190eb603edd1ca81c.jpg,gss2103_jpg.rf.664bf4e076c0c366e8a7f1233ef73554.jpg,0.9973
test,gss1110_jpg.rf.3c77e6f04542c493fdd99039ff782f52.jpg,gss1111_jpg.rf.25eea882d29f6f65a87b1db43fe45309.jpg,0.9973
test,gss123_jpg.rf.a43e6debc1e90be1907317f76b0aeb69.jpg,gss122_jpg.rf.90fb6460ecc8ff6655f4fdd039f84825.jpg,0.9956
test,gss1905_jpg.rf.e89c2e256cf984149989a018001418d5.jpg,gss1904_jpg.rf.9e21732bca4c78c16cddac2b7b84fef5.jpg,0.9955
test,gss2086_jpg.rf.af45f7fee824c626c59d91a60ad23d34.jpg,gss2087_jpg.rf.326167484e680959be0161112f9c3981.jpg,0.9954
test,gss758_jpg.rf.ce1dc350bab4df9ee619b8f977fd893e.jpg,gss759_jpg.rf.6f6a84b00c19c82b58003612a8751763.jpg,0.9944
